input,solovay mean,solovay stddev,miller mean, miller stddev
10001,27145.02,206635.79057717495,7258.28,44522.30240334101
12589,7135.72,3098.7354510437885,2777.33,1567.2964888429353
15849,5486.9,4205.943443809634,2685.9,943.9095841394461
19953,4616.54,3067.16181911657,2928.6,1686.604232884478
25119,5304.34,3480.323572034735,2734.39,1688.9445684967122
31623,4343.74,3036.294287848963,2791.1,1991.44740266364
39811,7558.52,2784.018756032256,2530.6,997.140973590054
50119,11373.65,5164.936543901121,2615.62,1509.5149651126321
63097,15412.6,4384.469664899535,2826.68,1295.8093752437883
79433,21048.47,10570.771773526274,2911.92,1621.4135850354078
100001,17477.45,10143.49156846374,3073.63,1654.2032575450717
125893,11782.16,9340.735319961472,2878.03,2536.5221097464
158489,2441.24,1027.386732138262,2783.12,999.856729938865
199527,2090.91,1606.6917833759146,2684.02,996.99575979565
251189,2408.33,1018.6736579067564,2751.87,1557.0691819809251
316229,3641.02,1646.6088382681014,2713.91,977.0927408088826
398107,2456.24,670.9063388846132,2628.15,1102.3161325412075
501187,2703.56,1207.9361840124109,2620.12,1129.3884666875563
630957,2252.24,2747.540601330505,2731.87,971.6131193208353
794329,2469.69,987.2494664419422,2815.21,934.336898716427
1000001,2503.94,268.5542219012952,3196.89,1079.447154563367
1258925,2279.67,1059.9736994545449,2756.01,1047.760222926732
1584893,2370.21,470.23931785911526,2732.44,1029.9730929112725
1995263,2511.02,932.1888977080245,2897.69,1749.10060406236
2511887,2306.47,1082.8160392460413,2554.82,262.71862968552193
3162279,1981.09,654.9652175975655,2631.5,1012.4946439564034
3981073,2424.44,280.8861633610256,3018.64,1095.4147548999536
5011873,2450.9,268.0669862010409,3112.83,999.2337473880633
6309573,2142.13,1158.3801704505,2954.46,1094.42224433209
7943283,2134.58,1342.6010424515248,2887.01,1690.5762599800344
10000001,2532.66,1071.4244574774314,3726.82,1326.0179804378386
12589255,2120.81,1278.4669298844144,2888.06,400.39533039991943
15848933,2644.64,850.9915253171541,3141.7,1369.1148545131211
19952623,2671.04,1042.1871709985396,2925.64,982.6738057386332
25118865,2217.77,1759.9300023672313,2885.71,1302.8362478791717
31622777,3768.7,1731.2886862541193,2684.47,1006.1903795500081
39810717,3030.55,1650.7272249563584,2757.02,1475.6228952170973
50118723,2395.45,896.7205838808184,2544.18,1026.48850658028
63095735,2902.08,4113.037142913968,2395.19,253.4291563193297
79432823,2688.74,2101.825928745641,2415.19,242.5585712875357
100000001,2824.68,2053.6025840783636,3159.09,1036.5825074968634
125892541,2883.05,2005.111162816796,2858.59,1749.3559859432714
158489319,2447.15,2190.758244157359,2544.31,1055.660870083884
199526231,2810.95,1750.0131045685391,2782.54,994.5398958535773
251188643,2957.57,1996.8214603577992,2607.83,1022.6877842926518
316227767,3017.69,1939.9830505091086,3210.94,5992.436806946947
398107171,2743.95,2119.162438776035,2744.91,1596.477784076717
501187235,2688.62,2185.7214595153378,3629.92,1328.2638070090215
630957345,2327.72,2126.057849968843,4581.17,1144.108228042587
794328235,2708.46,2200.3356420732225,3881.42,908.0358999266251
1000000001,2433.75,2289.560525846642,4943.99,669.9340159728986
input,solovay mean,solovay stddev,miller mean, miller stddev,AKS mean, AKS stddev
10001,29817.86,203108.42370278665,7505.83,41656.992374607165
12589,6646.77,2060.3452630885226,3012.68,1097.9712133997618
15849,4753.12,3215.856708451565,2786.75,520.7647324518593
19953,5122.94,3275.5791864133967,3130.28,1274.8847211105847
25119,6008.37,4223.286947330829,2724.79,1026.4145232976605
31623,5690.77,3316.6777793479137,2989.73,1675.6897621245073
39811,7564.48,2876.683557940507,2662.66,248.77421591686408
50119,12825.95,4456.98472919334,2586.87,1684.2316094416542
63097,27757.17,7318.164611009949,3612.05,1977.8817736674903
79433,24019.51,12068.86147835567,3363.35,1451.00400889811
100001,11755.08,11989.48802681126,3079.61,1256.373906055909
125893,2485.59,1017.2033664847352,2822.91,1018.2142329300915
158489,2581.95,1440.592781854508,3674.46,1887.9064585841209
199527,2601.42,1601.5133510955736,2810.04,1191.2425472860878
251189,3528.1,2561.062435392742,2851.35,934.6529888658994
316229,2559.95,1263.8225116325034,2932.43,1519.123785561462
398107,2725.72,2015.445405719128,3016.4,1506.23272109625
501187,2690.58,1280.3943693292706,2477.7,1145.9846148067336
630957,2282.95,1453.7186476638644,4242.31,2712.1739079509084
794329,2596.36,1221.347446987395,4448.75,1922.7999647767458
1000001,2673.52,1502.2494545974657,4998.52,1767.8180495066833
1258925,2427.01,1244.4115439869886,3887.88,981.3565572844825
1584893,2609.89,1076.4403636359268,3674.96,1075.6005315331263
1995263,2729.22,1031.2304563682235,2573.04,1021.7004929888883
2511887,2434.82,1192.6779000775246,2736.84,1044.9495925206588
3162279,1974.06,748.0262219246517,2890.5,1473.3556799347398
3981073,2599.54,306.80874245113097,3081.84,1554.5863246562035
5011873,2700.9,1121.3837546765712,3215.03,1153.7564861763249
6309573,2123.38,812.3358983309626,2973.26,1571.035183526705
7943283,2208.34,1152.5398761260308,2795.75,999.5386044156432
10000001,2524.0,1195.8291489737794,5028.02,2249.697667589038
12589255,1968.5,822.7347781341903,3669.33,978.4442718061683
15848933,3036.37,1465.1954787707002,4098.15,1820.1422154170905
19952623,2716.03,546.9462229580535,3281.83,1342.3236678960632
25118865,2078.28,1187.4479389332266,2848.16,990.526894989212
31622777,2970.95,1035.298730860428,3559.87,1483.897343606908
39810717,2633.44,2044.3768620142891,2887.5,1465.9666063417308
50118723,2252.77,820.8560308198591,2832.57,1512.4591939065078
63095735,2654.46,1438.7608755348117,2701.3,1030.6112582620892
79432823,2696.61,1546.0305895218812,2742.27,1461.4773613979758
100000001,3517.65,2046.0380654209534,3231.55,1032.0306390311243
125892541,2999.68,1459.0190968073325,2930.91,1539.617013212616
158489319,2465.66,1485.5001281410484,3382.69,363.38333531387815
199526231,2866.81,370.7100937880753,3729.47,1388.3355375223514
251188643,2877.57,501.5674271116437,3294.97,2187.1890518621976
316227767,3024.95,1450.1468986891555,3724.09,6770.492346054296
398107171,2992.87,2245.7644472709662,2980.79,1538.9052273902016
501187235,2849.77,793.7600565496712,3819.41,1236.2054771425226
630957345,2386.55,995.6625871115866,5046.92,2346.670788908226
794328235,2941.06,906.7897623657389,3833.27,1836.3261734377495
1000000001,2620.0,1965.3459304312375,5070.51,1582.6582834974936
input,solovay mean,solovay stddev,miller mean, miller stddev,AKS mean, AKS stddev
10001,27084.14,203075.27535409585,7411.25,46699.175764226085
11221,6062.21,3159.1242115082114,2235.79,1814.9565222552212
12589,10142.51,33096.964361240025,2329.82,1173.436500113227
14125,6133.55,3136.266088403969,2037.02,932.8616013497004
15849,6186.46,3051.774275844639,2116.66,930.0058348899177
17783,8458.93,2782.6348361605305,1790.93,939.086588826148
19953,6023.56,4056.183169613343,2228.01,938.7982269956098
22387,13921.33,4491.73845010386,1856.43,131.99190784807126
25119,11323.64,9372.268944178897,1936.46,1019.6849723460101
28185,15407.79,14060.372036469713,2189.57,1106.855325786628
31623,16987.73,12134.95552497125,1936.4,986.2689718573149
35481,15485.93,11344.440879736576,2130.6,1005.0368906239966
39811,5446.54,8222.664155033002,2016.3,1431.9850988164371
44669,2545.95,440.70598492817766,2434.65,2002.4237806904787
50119,2573.21,200.20364859085586,1815.94,1000.1842640334839
56235,1991.69,691.6139037195404,2164.33,219.17748239241826
63097,2606.74,1869.5757019854918,3294.91,1378.5774698227992
70795,2526.18,2456.5835000107877,2069.3,1403.6987323899423
79433,2463.83,1345.685924416138,2757.61,1752.2702382274765
89125,2230.78,1806.9361007858665,2402.77,1446.7224040023798
100001,2513.51,2151.9869629688465,2463.49,1180.446127743681
112203,2101.93,1882.4684216971261,2102.19,1460.0483574045054
125893,2600.67,1967.0557655921955,2210.71,1482.843468958994
141255,2036.07,1929.4065202292204,2267.46,1072.8819624984599
158489,2534.36,1429.9079049245297,2883.4,1539.7263629383226
177829,2454.13,982.5699826516588,2009.52,166.56975849308427
199527,2303.83,1102.565621904683,1885.27,104.42297968775213
223873,2277.33,1088.7356772185274,2707.14,1690.5555779152012
251189,2381.31,129.96174223379913,2145.23,1040.0654491352211
281839,2626.77,1456.155349236856,1964.83,1415.36510658893
316229,2457.88,918.7358495302777,2139.54,1014.6506929415999
354813,2202.28,1416.4021434321512,2950.85,1629.5163400608333
398107,2689.33,1170.4916178143853,2792.38,1774.4075111872064
446685,2035.21,782.0979723045114,3255.05,1689.9139083624248
501187,2594.28,1003.6401733568451,2296.95,178.21388664730762
562341,2199.33,795.3794476585223,3067.03,1354.2876874966596
630957,2305.47,665.8720333123134,2456.49,1204.5950700244764
707947,2538.51,418.43861997534196,1851.85,1005.9764478537076
794329,2564.88,1049.8246537571706,2078.45,380.96690847570386
891251,2604.26,1090.17278419246,1752.67,1444.9946702568511
1000001,3178.73,6621.826047178448,2384.55,1546.1428669924114
1122019,2646.19,1311.8599849454242,1741.8,101.24707253530688
1258925,2307.23,1415.8713265096949,2180.97,1028.9809458730017
1412539,2518.59,167.61072595316043,1685.49,960.1177694492078
1584893,2533.36,1547.7198185613815,2106.15,1626.6227538471655
1778279,2751.98,1966.4159366623312,1662.69,982.8904672475264
1995263,2814.89,1982.172402245128,1825.17,1389.07433064635
2238721,2710.74,1965.4471957272012,3293.55,1631.4145276756333
2511887,2381.68,1432.7701422084563,1843.57,968.5821904706746
2818383,2371.82,2109.2437745803736,2787.78,1024.4125252153947
3162279,2527.53,2452.7209111062302,2873.73,1490.4020869916583
3548135,2566.13,1917.3805924919147,2907.12,1607.9134749825012
3981073,2734.32,1433.2978352193397,3570.21,1820.5027682461562
4466837,2671.55,1424.7798651516,3653.88,1838.0067996488908
5011873,2586.71,991.4064114308841,3574.41,2223.412147505894
5623413,2181.99,1232.6705958522691,2772.18,470.23019035275905
6309573,2357.66,1595.6112360364148,2602.47,1013.2824893045932
7079459,2608.88,1018.3052099474208,1838.04,157.24252130085713
7943283,2403.67,1458.8911525711935,1435.77,288.7757109109442
8912509,2771.34,1089.3989745068452,2070.15,1188.1881068554455
10000001,2628.52,1045.7228178237156,2042.09,234.34818673559778
11220185,2517.82,1418.7101652308315,1661.76,206.46750520861804
12589255,2370.35,1492.235150688221,1674.46,1054.200193933244
14125375,2319.65,1249.496135822094,2395.52,1347.5158174892933
15848933,3650.43,2852.7491091750408,2447.7,2207.6058492988695
17782795,2546.72,1181.2187942968058,2171.73,1320.6497471496616
19952623,2586.76,318.7466021209267,2015.45,1250.3611548975625
22387211,3045.03,2211.563574382467,2168.27,1844.3766725379119
25118865,2683.53,1480.8784961309386,2619.35,207.18831404002367
28183829,3642.68,1050.8761316351247,3085.1,2169.795845258491
31622777,4090.51,984.438521147559,3423.24,1082.6893854908458
35481339,3049.67,1230.4195232242184,2200.02,973.5422148219378
39810717,3214.26,1357.7824138028607,2220.14,951.8262087782476
44668359,2829.88,1687.1597571245602,2022.01,959.6586145419872
50118723,2253.8,1285.3735219418093,2104.61,1343.1009415873887
56234133,2349.66,1320.6963974136581,2177.67,967.1699009340226
63095735,2409.54,671.5839022622399,2095.22,961.1286776230821
70794579,2195.31,1323.974866975895,2073.23,963.8761064503356
79432823,2695.55,1145.3858806780213,2147.36,1013.5353518723208
89125095,2205.41,983.5619569357657,2166.98,967.1211782053654
100000001,2834.25,486.60594006761875,3408.77,1145.5836398354274
112201845,2119.01,874.2424772280855,2313.26,1030.6513055031533
125892541,2930.58,1281.2280029548044,2250.1,153.570337255762
141253755,2148.71,1684.6970491378374,2090.51,192.29241700172065
158489319,2434.45,1270.460557348309,2278.23,116.2272117340632
177827941,3049.38,1871.7776446766081,2405.06,975.223059902532
199526231,3002.27,1474.6016880788006,2196.38,972.024813458894
223872115,3372.75,6597.390510113018,2286.84,950.4715865125464
251188643,3139.35,2000.3817937351548,2380.6,1366.0772343103486
281838293,2933.47,1385.6280307120492,2408.7,1309.5719980901458
316227767,3061.83,1482.4437785854363,2305.43,1397.9735930151455
354813389,2667.63,1637.1914585100244,2494.43,1289.4881002580328
398107171,2667.19,1681.4721045211625,2265.51,503.42003056266753
446683593,2603.02,1485.267584503128,2621.76,1310.8819617249133
501187235,2901.44,2260.788654385451,2252.84,1278.599918629433
562341325,2482.12,1740.9787290341878,2441.1,1311.4348414749188
630957345,2358.22,1694.3913038330465,3021.83,1324.5215416301933
707945785,4257.29,7439.52489698289,2719.78,1286.0731130543134
794328235,3398.37,1547.8406963615903,2545.78,1346.2940572121859
891250939,4239.85,1291.3138980640351,2685.79,3296.888301202523
1000000001,3123.01,1278.8022528597576,3824.35,1670.7413304980355
input,solovay mean,solovay stddev,miller mean, miller stddev,AKS mean, AKS stddev
10001,32288.48,218303.41512695237,8565.11,57387.86784130958
10233,5612.61,3239.800604585836,2305.57,588.9301592075603
10471,6883.05,2708.348751005067,1992.73,151.07592946808722
10715,5982.81,3122.671401333652,1998.99,193.21843477099569
10965,4154.31,3481.5126768533974,2115.94,160.53891689675697
11221,6325.23,2814.3748318304024,2193.93,535.4735892156351
11483,9704.07,2965.9253355505425,1804.45,104.35868362759687
11749,20267.15,8054.108756787533,2219.38,485.88018184642107
12023,13859.65,7242.141648997307,2058.74,309.6582221505745
12303,19999.16,19096.982531607588,2660.0,549.7723495808392
12589,20463.39,8998.831211307164,3402.77,1471.442677315791
12883,14710.27,16154.808738292388,2761.47,809.5876672789063
13183,2554.89,310.7806688669907,2394.11,175.9250239175884
13491,1923.81,648.0339449738602,2747.02,418.50781053015896
13805,2243.97,847.0127001659565,2303.53,513.2263653800458
14125,2063.55,508.33941129004256,2804.22,1354.7700284177351
14455,1928.58,1441.0619693809006,2521.23,675.8827352567765
14791,2406.75,1977.463401058349,2338.22,127.7675904590721
15137,2229.66,226.05689906782675,4190.87,1204.4518234659722
15489,1961.78,1557.3218372085028,2625.62,444.9506789147161
15849,2263.83,1823.9044590818307,1957.15,232.939250544953
16219,2367.45,1481.923738649096,2419.0,822.6585137850519
16597,2068.37,441.028312955396,1808.94,240.45183981980114
16983,2166.33,1581.6130626354193,2256.93,97.13151087077976
17379,2011.14,1278.851204966569,2352.27,262.29179737402575
17783,2603.75,1626.3636601481555,1578.08,225.32838796796648
18197,2199.56,340.53740416636117,2567.01,175.98918096912047
18621,1999.5,1193.3923423703886,2526.85,113.99631174256952
19055,2046.93,1177.9245337336843,2372.9,483.19915587925476
19499,2096.31,453.18637758463444,2571.06,1700.7698186884716
19953,1962.23,1255.3774904527138,2215.94,998.732417020736
20417,2305.75,1263.4910061916835,2449.2,676.4047410666001
20893,2363.74,1395.3967584652594,3353.28,3202.7870567537097
21381,2751.67,2408.7885552994094,2648.8,240.12837475741256
21879,2262.46,1342.9016782980639,2425.13,94.79788760805536
22387,3713.94,6341.571459994929,2486.19,568.4119592817742
22909,2404.73,1462.9092838683755,2822.03,675.4520439952594
23443,2217.47,1485.3190009033228,2148.11,983.6402797257696
23989,2201.8,1440.1678774196826,2250.71,954.2725326475958
24547,2536.91,1550.1694667540598,1966.77,1625.632985372563
25119,2203.7,2062.277629273522,2020.64,976.9683319412978
25705,2136.75,1410.2007549253117,2669.78,1391.6549088960762
26303,2535.52,1877.3652474473984,2074.05,964.5086819073991
26915,2069.07,1466.0252609547956,2061.96,70.66837047688722
27543,2235.85,1461.673251600523,1517.69,199.36422660167702
28185,1917.59,1500.765778231604,1703.16,194.87959090036847
28841,2355.86,1505.2918910203819,1674.82,211.71685780491808
29513,2162.4,330.9566482642449,1714.59,372.2892894652021
30201,2058.93,1137.7139603857227,1747.47,180.3718076360576
30903,1958.23,586.1399987040708,1582.44,810.0897234257449
31623,2123.64,1556.4905066763938,1504.31,190.4060358414315
32359,2406.79,1041.1386375143577,1139.69,189.29548784155355
33113,2251.16,320.9030729398244,2117.69,989.5228387378627
33885,1825.9,1211.4185232131124,1289.17,217.32478394599107
34675,2218.62,1552.828606905554,1191.51,160.47199919379244
35481,2031.5,1190.1591227116387,1467.05,246.23875147359058
36309,1769.82,632.9179400110878,1329.59,197.33620467812713
37155,1751.02,605.5470517797871,1146.66,160.57203424574962
38019,1812.81,626.8743965021216,1216.1,217.13848395003868
38905,2109.11,667.8631822476966,1630.3,1495.306850033656
39811,2450.72,1427.1718666543627,1923.99,1107.2884297082023
40739,2387.74,1000.8232835263601,2281.05,8107.221655861685
41687,3315.82,3345.798315994724,1600.14,1651.9846651035766
42659,2953.2,982.5238167622459,1786.66,155.27129857644704
43653,2059.62,1180.7445072983198,1856.95,225.3395361796429
44669,2334.2,1123.1851714178433,1628.55,325.80636174503314
45709,2303.06,914.6293372981564,1210.73,185.3227517689944
46775,2448.99,1027.136034925474,1218.08,389.0541932077398
47863,2514.03,361.2126449177615,1123.44,158.986647047461
48979,2568.4,633.3115626242234,1138.93,364.1167882075001
50119,3415.5,1432.3158298237286,885.42,150.58359066570887
51287,3349.03,1538.8308132534196,851.86,143.1376409000241
52481,3204.65,1784.081918075524,2010.49,826.9541838102109
53703,2452.1,1257.0800582012562,1085.42,187.16681804683697
54955,2359.47,1263.3257491976724,1096.24,159.1336469002001
56235,1753.33,1176.4412957403495,1136.23,187.45034925105753
57545,2353.3,1781.440465273294,1308.58,325.7178608066878
58885,2048.92,1132.6923292435913,1167.3,204.65573458119795
60257,2237.82,137.63048023933175,2332.2,559.756873629755
61661,2332.41,993.6402016847152,1217.69,208.14537921579927
63097,2371.44,1014.9438788286357,2002.43,670.7520918997412
64565,2038.35,1142.7389865643604,1265.17,303.36759896371615
66069,1837.68,1113.025015192581,1165.09,169.81600827562363
67609,2229.04,1054.0879816843153,1284.42,208.17524571690302
69183,2017.81,1203.0481043221548,1116.12,152.4137961358002
70795,2226.26,1107.9405284334782,1073.11,181.9892268428785
72445,2289.25,1496.415281412364,1258.27,172.8940152378055
74131,2431.39,1461.5163074939353,873.56,164.39514603662727
75859,2421.51,1657.4057768059997,1086.68,256.0964890762302
77625,1884.84,1429.6071984353534,1438.51,289.22887707373434
79433,2420.73,1010.1374929416613,2135.0,836.0687227081929
81283,2515.99,1473.9748054738648,902.84,134.22465112525703
83177,2478.6,1443.8300356057061,2041.12,679.3857338460496
85115,2092.73,1182.015090359841,1114.48,156.02126765154796
87097,2370.56,974.1126324024654,1349.87,344.65343902288737
89125,2141.87,1593.313247337577,1212.63,177.17517753724292
91201,2235.79,1028.1808717095912,1647.52,319.04397847635397
93325,2215.26,1099.427956124034,1236.44,274.37736014032896
95499,2917.43,6974.927066350519,1097.55,191.5437748316758
97725,2399.14,2649.2288110567824,1465.94,1503.408375604707
100001,2851.89,668.6116460489776,2381.57,470.5285069563647
102329,3124.07,472.718834044727,3130.66,1195.795202390696
104713,2774.98,557.8322578327538,1996.44,129.8018941201234
107153,2803.1,247.6778414217007,2318.64,728.4882717108095
109649,2625.76,854.1334213190243,2236.97,306.92665050118865
112203,1945.3,953.8485098787861,1709.72,114.94496531168754
114815,2493.12,746.9219568984233,1754.5,262.2458365501325
117491,2773.93,489.05060065396094,1759.46,254.28221099456178
120227,2156.63,254.4963596413652,1763.6,449.3246110114673
123027,2162.73,893.1296449716986,1692.57,261.1561418080003
125893,2164.61,566.0804257204433,1938.68,142.9267581029465
128825,2417.46,961.7598707000041,2204.46,346.0055590141391
131827,3061.09,696.6909100464957,1950.54,1851.4309312889138
134897,2714.16,791.9466454837278,2341.13,359.34521414552455
138039,2133.49,1062.050917524269,1747.91,268.4655271965645
141255,2422.07,2523.5738897184465,1756.71,260.8696138965698
144545,2563.41,974.677228054954,2486.27,554.2446284645602
147911,2924.45,301.99716952984915,1132.79,229.6440502124534
151357,2950.51,139.34620029033277,2531.17,1487.2822686247748
154883,2965.1,485.6626525904706,928.05,185.5125781899079
158489,3083.76,1461.1332817613552,3084.93,1195.1686010557235
162181,3320.33,2785.7847272475415,1930.69,207.63024122392932
165959,2113.04,296.6966930667879,1650.98,96.47996390102685
169825,2316.59,873.7557744783969,2570.85,447.43401691752246
173781,1916.3,759.3881441893559,1949.96,411.24187186097333
177829,2175.94,397.6782319433844,1927.46,118.089199294004
181971,2322.4,899.895122957799,1779.66,115.90985874176259
186209,2066.6,441.73866765888926,2513.17,144.97502780433837
190547,2584.65,816.9473157227867,1764.78,94.11003445891724
194985,1888.64,997.0674730722017,2178.67,130.3180301796301
199527,2343.76,917.3062134821336,1842.59,399.641002916519
204175,2463.78,846.1338048781502,1933.14,430.74295740445416
208931,2912.51,464.69854451324386,1403.44,1369.7807191612303
213797,2100.62,321.622081381741,2064.27,1464.3524431907736
218777,2771.25,505.37707444415935,2144.38,1060.1627164990032
223873,1994.9,684.8445005247466,3003.58,1545.353015666745
229087,2757.99,1901.8543343247666,1925.74,1269.944392483387
234423,601.28,412.797993496024,1849.19,1086.4842633211233
239883,756.42,523.5814733085188,1727.68,214.3611547050086
245471,969.12,136.26143024985967,1481.9,199.10149180858494
251189,1427.53,1041.950690539217,1980.22,954.1021754571786
257041,1001.62,256.69011227036725,10162.53,64125.42973860454
263027,1232.84,137.47431128260385,1723.27,719.7967846636449
269153,975.83,977.6222241910846,1600.57,309.7570652865718
275423,1256.64,82.9288998132884,1404.81,87.1125702696798
281839,947.27,141.89424536846758,1390.54,102.28317001680612
288403,1244.08,440.64621233416324,908.74,173.02738850169692
295121,1154.77,105.52024603474123,2574.15,1087.2523182478633
301995,623.03,422.2771471319505,1148.19,207.282254986584
309031,1255.91,82.90923539106672,1012.26,804.3499366606928
316229,908.29,139.7097492675584,2048.07,280.8282215162857
323595,705.09,535.4605512259441,1099.41,205.21868577178586
331131,608.87,426.9476975750618,1734.64,96.6716320563817
338845,952.65,486.14877747288847,1870.1,315.18227851018014
346737,653.73,406.37965169670014,1766.55,95.59440571519028
354813,902.68,543.0921546890994,1799.36,111.7641383730158
363079,946.6,184.43355815506396,1634.23,1298.2014742626732
371535,748.22,552.1490901720096,1612.46,442.24942503003217
380189,992.42,183.65201943464774,2405.58,2294.8822428802027
389045,1072.17,453.8869848877637,1665.38,106.44387528579833
398107,874.75,235.1236242636386,1563.49,98.76648257788713
407381,1193.77,353.2536175084811,1653.92,128.41368440876673
416869,960.47,367.9919425720892,1014.58,349.2175721914246
426581,1144.96,338.0165234141818,994.71,177.4152405396943
436517,860.67,245.3806795140723,1027.35,345.5949744478882
446685,603.36,547.4611470001753,1034.32,149.8144900006053
457089,710.26,396.09652481396114,1077.16,173.7353566244192
467735,1095.11,458.36183702001597,1031.07,186.89273404925098
478631,941.77,146.38656828321845,990.45,198.30353099236635
489779,1352.84,97.34440783822016,1073.42,371.46869792130997
501187,975.49,360.604304668503,922.18,162.30924343687425
512861,1386.03,195.6953133229451,1070.57,178.75372454973922
524807,1214.68,278.13269415075166,946.85,163.45390571329054
537033,856.13,561.0498214251672,1016.85,166.02624686014144
549541,923.42,142.38269529402766,1002.42,150.91821184557782
562341,797.09,587.2853675422988,1010.04,153.82601479685684
575441,1164.81,154.42802219935356,1721.36,646.914081379335
588845,1099.36,703.1864634819434,1059.44,176.05372917253297
602561,1323.93,113.26533209480057,1053.78,174.26941756656538
616595,705.64,418.83340918134115,1010.61,166.6503564746602
630957,921.54,531.2874475452925,1024.64,162.67992494403845
645655,820.05,357.5587646835414,1069.03,180.46457751418637
660693,888.67,547.6649800781864,1027.13,174.35304106694826
676083,722.43,394.6546439354261,1024.17,153.8736891811664
691831,1179.73,434.3494579439022,1081.73,307.74713662520094
707947,1376.78,604.6195494655789,1058.31,163.06996050837205
724437,1022.13,1318.1805539562033,1052.12,155.61862732885535
741311,1557.93,1173.803540898673,1103.09,158.26573325654647
758579,1561.93,1056.2341553888996,932.98,144.3108303543977
776247,1187.87,1209.5786114481057,1052.71,163.7704907373842
794329,1541.2,1019.8169077106566,1131.96,323.19950119973515
812831,1583.61,1557.3250952913595,1057.69,163.262117746001
831765,808.53,1313.6144942466763,1210.0,323.42326147110396
851139,1091.19,1047.889198157974,1079.76,190.785464156296
870965,1228.52,1097.1139686477525,1046.07,175.65842974191114
891251,1532.55,993.9841611546251,949.25,152.9621577945726
912011,1534.23,1031.9006280459453,1062.37,171.35972294114114
933255,1027.96,1306.0835427360917,1056.71,161.05217769218132
954993,1027.98,1206.3300717549082,1064.52,183.68382365006195
977237,1568.02,956.2947749337842,1194.09,960.185704839318
1000001,1330.59,178.5731943981956,1294.29,1814.9798078571816
1023293,1539.33,996.6782208208352,1107.48,171.65171926687108
1047129,1134.02,717.2294616132696,1118.54,170.06507488890747
1071519,1149.66,1320.8968809490807,1059.92,162.6299436938308
1096479,1222.57,1433.1935467777025,1070.76,154.58266527667453
1122019,1711.85,2472.441971109746,1085.52,184.7539165943978
1148155,1186.91,506.892953754199,1067.69,164.03502305263592
1174899,1107.14,1301.7862554772557,1099.04,166.118548396054
1202265,778.59,631.737624462574,1059.1,172.6387306288229
1230269,2519.11,11263.387713550375,1091.54,155.928785869147
1258925,1785.63,5532.550422259926,1092.87,152.82297509593155
1288251,1033.1,591.4112295385017,1098.76,194.3614834853508
1318257,1024.53,555.5566951402454,1082.81,175.27223817463917
1348963,1015.59,540.460019078398,1046.01,153.98789766167545
1380385,1238.59,1904.2598450512864,1063.62,322.6009443459974
1412539,1080.77,247.63751837120822,989.84,153.11609908164397
1445441,1303.89,110.7342706070198,1080.56,180.19166675425572
1479109,1349.64,103.84005960995006,1379.39,719.3314221195158
1513561,835.08,413.68290886971516,1067.61,185.04113083584983
1548817,1306.22,230.0950431645343,1114.99,202.94426238837997
1584893,1015.99,246.49459579791147,1113.98,194.93650766391093
1621811,1385.15,242.0385383371913,1120.12,327.2124161038594
1659587,1328.91,110.24674758710732,938.99,154.13030660496798
1698245,802.91,420.26343578111283,1092.69,179.07420136904034
1737801,866.31,554.3002995860746,1204.25,313.6112363671901
1778279,1026.66,149.38616624931058,1691.37,1489.4604111095489
1819701,976.13,607.213583893383,1717.1,1286.9294087207365
1862087,1032.53,149.86744681938643,1628.65,1194.3371804080502
1905461,1449.28,540.5461712308424,1714.43,157.80862050937114
1949845,867.57,363.67674221523,1627.27,951.858329741874
1995263,1538.26,127.90144722410376,1563.29,954.1118276685233
2041739,912.95,372.17467320296987,1731.98,74.93255957758608
2089297,1155.99,537.2240751955343,1923.98,706.1710237240513
2137963,1056.64,163.47751953690576,1536.89,950.4093949876589
2187763,1517.74,528.8608038973865,1742.04,63.17746689471115
2238721,1566.38,1171.7362303587588,3061.62,986.4956626996658
2290869,915.49,1430.8233943284463,1744.66,987.8851630394773
2344229,1587.06,1084.0370471510464,1182.95,274.2014070280487
2398833,1158.8,1336.9833751601197,1728.2,96.46729701789822
2454709,1603.87,1075.6261568937139,1127.02,177.52922536468708
2511887,1627.91,1742.7482365679234,1694.64,69.78097335537991
2570397,1273.04,1268.4208899018472,1672.55,99.01151601218065
2630269,1623.47,1094.9989202983472,1098.49,185.36131764963278
2691535,1034.46,1250.7522618832477,1702.6,68.8450169847925
2754229,1587.43,1108.1911210197773,1147.81,229.83866519844318
2818383,1273.61,1293.9045512624875,1078.03,144.30512391415206
2884033,1519.38,1233.6512512444388,1089.07,146.7599741073839
2951209,1569.22,1033.9420844222336,1645.12,633.7998964080609
3019953,1156.93,615.9245699422826,1150.7,409.5124595729103
3090295,1381.22,1180.620001302175,1382.24,1070.146248100339
3162279,1168.92,1210.2954867521094,1047.52,151.19273137357501
3235937,1496.69,379.2517272554768,1091.82,162.66917409890593
3311311,1474.95,336.96261744525236,1102.95,152.4330205617398
3388443,1068.82,656.7962397928758,1098.3,133.97742158643555
3467369,1536.96,95.3443435049182,1131.7,245.1874772289543
3548135,1229.59,611.0305435504144,1131.07,166.057690778436
3630781,1247.76,631.9361641459964,1198.7,306.53724212252035
3715353,1118.24,585.3453287926657,1097.94,155.86408349986388
3801895,1324.44,500.8645317767263,1068.13,135.6201360902256
3890451,1120.3,677.5240649496213,1119.74,143.56863138997994
3981073,1537.89,291.6940037405326,1157.53,172.98826111863337
4073803,1541.61,216.7487441274068,1099.08,141.33338193252453
4168695,918.38,747.2510129559117,1223.24,307.0084103740549
4265795,1294.61,712.8586199382048,1077.21,142.16069261667417
4365159,1182.46,664.5218288439447,1136.64,158.51154372773453
4466837,1488.78,120.03691183140377,1435.34,552.8896399277108
4570883,1567.29,349.5081766648036,1010.95,133.82563470819218
4677351,712.46,535.4314491769013,1169.44,139.58895791471895
4786301,1075.15,510.5146022308368,1193.64,1653.380782065962
4897789,1530.67,636.4900763348373,920.8,1422.3756482900305
5011873,1639.99,1310.4966711714737,720.26,997.904983432589
5128615,1409.57,1341.340353730348,731.47,1023.6376356855578
5248075,1045.6,684.2345276941882,583.16,32.78602806629125
5370319,1761.06,1131.9139580749275,682.72,37.728450267615834
5495409,1362.82,1471.9540326869703,685.88,37.68269436419662
5623413,1123.88,730.8819534637519,681.16,19.477373560315595
5754399,1345.86,1281.738899489536,695.47,27.96912258512623
5888437,1635.96,1209.516874248106,684.57,28.704786142292534
6025597,1793.78,1077.4327660009808,1027.43,1606.0267005026017
6165951,1232.93,1433.490035514441,697.26,31.934788351744363
6309573,1198.48,1415.0666720916884,608.57,40.6065763196559
6456543,1339.52,1285.5263236857074,646.41,37.11927131599303
6606935,1478.51,1131.714418548918,635.25,34.453416068481204
6760831,1508.07,1241.829289777582,698.89,31.251632684622177
6918311,1617.13,1085.7870082911,633.8,27.015147266268634
7079459,1696.57,1133.4840920673291,603.94,31.919032668059437
7244361,1175.63,1466.5466662685624,647.2,28.618705474397398
7413103,1823.43,2298.1495421932023,680.84,35.433739556951906
7585777,1703.8,1204.5747311098137,749.14,34.20024809408507
7762471,1646.71,1172.7669026621606,665.77,27.609050997267126
7943283,1132.53,795.8853840506525,665.13,29.607757310024223
8128305,993.7,1181.7774620024575,651.57,25.94409490820717
8317639,1108.43,365.2187736497983,732.04,204.34996323647206
8511381,786.34,453.10591934051587,690.12,32.41656890224409
8709637,1049.54,66.66309384365597,626.43,31.59889238565173
8912509,1093.69,143.4938984378391,911.1,182.85720542477284
9120109,1122.99,1021.2619990022446,672.31,32.44348466132603
9332543,1095.88,470.5179454279049,718.23,26.94695687547084
9549927,803.05,427.76226227929794,672.42,39.37444692572928
9772373,1141.39,1418.1996048127037,674.49,28.691495590016217
10000001,1076.55,323.8154598227238,665.9,34.33245070945522
10232931,1044.61,664.7123308072995,683.22,105.41208985153786
10471285,1298.18,645.1823229901684,756.11,98.43286129041554
10715193,1119.11,615.5037830669257,663.9,303.9924075341091
10964783,1294.46,234.8927724419262,720.87,37.75001638905257
11220185,887.78,419.2899861972053,699.2,30.443522805484925
11481537,857.55,453.5277073268306,760.71,125.1810240726556
11748977,1100.0,69.95886237098503,942.41,164.82553341229166
12022645,927.06,428.39408412480594,758.4,211.23202810409614
12302689,1070.32,314.22741169832125,728.93,27.788615865443408
12589255,988.99,913.263794023801,623.77,28.59676290220362
12882497,1056.43,162.492843976079,640.55,32.158815182456486
13182567,749.99,503.1117612851387,668.32,23.014654971003665
13489629,950.3,711.589691387452,739.34,29.547161411457918
13803843,791.64,475.67811287750783,664.11,280.6269638297126
14125375,1127.48,1388.7655479132204,718.88,27.691766635481024
14454399,945.19,1402.0741971965836,734.74,27.413636656734813
14791085,1146.07,2088.801673063755,692.65,29.597766432245834
15135613,1334.86,1892.7680495224267,761.02,31.228379995954292
15488167,1326.41,1945.0093510460472,689.61,30.83415887510722
15848933,1249.88,1289.0096055624738,727.8,36.91787226980035
16218101,1414.16,1940.4921833224043,979.2,223.1916330208305
16595869,1307.34,1376.8465670113385,771.7,77.49923427448367
16982437,1144.57,1256.9637319084961,789.48,185.03668650712316
17378009,1202.85,1937.3997588927223,746.62,127.46247457288135
17782795,1144.9,2005.2666539728223,705.58,271.1244516505811
18197009,1305.27,1936.8238232537396,984.01,144.91059556523362
18620871,906.56,1473.1648355588968,678.28,32.48654111374976
19054607,1182.27,1909.8617478918738,642.9,27.15927581188908
19498447,1335.47,1848.6294210751505,727.62,200.49316872918817
19952623,1335.71,1962.0625166112598,741.88,25.749876924291534
20417379,1090.76,1975.6226949312136,724.64,34.18976159583154
20892961,1375.66,1844.8249443108457,737.27,33.45398015003279
21379621,1297.26,1846.2132230732466,683.3,37.51699951389039
21877617,1035.64,2144.8497134609065,741.53,22.254930222130987
22387211,874.83,477.1431408588904,691.94,29.055439866892154
22908677,1022.21,410.2938413657049,737.46,217.74711585838855
23442289,1091.78,366.996892068419,742.47,27.775963375086413
23988329,1160.69,140.54286488003183,940.75,166.08744046070396
24547089,773.47,537.7601781388422,731.74,35.81169043367224
25118865,844.97,507.86565580223515,731.89,44.925728832275105
25703959,1133.88,180.71704989073976,676.86,27.807425794073957
26302681,1110.26,427.93978194332084,708.21,61.419783441329386
26915349,812.96,514.4123040770494,695.98,25.382321056637483
27542287,1155.01,141.18456256641764,682.56,36.55777771023713
28183829,1170.02,149.6833681711856,877.86,201.20164366659992
28840315,842.58,503.61299034119844,714.63,43.53511412200685
29512093,1056.5,377.820771469139,698.43,36.11129121944206
30199517,1258.42,148.183763883861,923.03,184.8431196687853
30902955,774.46,554.1070607269635,742.89,31.47514491586572
31622777,1219.85,302.2047394490275,961.15,169.76980106466323
32359367,1223.24,212.4233489800949,759.36,37.97407941044396
33113113,948.88,444.47047782340474,706.0,32.224904102951875
33884417,954.59,379.00049558881267,666.9,29.979622709063218
34673685,772.66,491.39007566763746,653.61,24.87093756482726
35481339,878.32,536.5747310675391,780.5,33.1066534861273
36307805,934.11,459.20583389019345,705.61,43.648942736568095
37153523,1203.23,311.25730221445116,797.84,194.12339718162085
38018941,1253.15,320.6297268145481,795.78,117.27465647148604
38904515,1024.22,406.76440901883797,717.32,82.21785300976518
39810717,985.4,535.1116564311461,799.15,24.757153848265084
40738029,910.14,531.0114613840385,784.3,29.07409551994749
41686939,1063.04,446.35642595340664,764.1,33.167009287098914
42657953,1041.18,384.0112419440269,726.31,31.602229495573724
43651583,1224.76,242.81356359698424,765.65,41.83019425624448
44668359,897.87,514.5276868206905,747.69,32.83989166925625
45708819,879.94,540.553398066848,745.57,27.602611133987697
46773515,981.16,463.1424005986964,734.71,33.81180685542081
47863009,1218.63,132.48942439212865,786.59,234.2313496343201
48977883,925.4,563.2085750322868,810.05,24.22219326288696
50118723,918.29,488.7804509101394,714.97,29.7475760832422
51286139,1193.39,247.0992478394629,778.37,109.49725839471785
52480747,1136.04,326.52609591444804,730.01,23.099037979005868
53703181,1102.9,388.138772954606,738.17,29.770860609228976
54954087,816.2,511.64117002904163,711.83,20.859343762981197
56234133,825.97,484.2181755316002,705.98,33.84545386717022
57543995,931.5,468.50953225967754,764.48,30.431403237943247
58884367,1165.07,62.958581061622795,682.79,32.672014095407484
60255959,1298.57,120.28150944825856,891.59,276.44672144552516
61659501,873.3,513.3773003603222,792.97,76.09250815934375
63095735,870.23,508.46161034233376,763.27,32.10017621651495
64565423,1189.08,242.4374825172315,766.87,41.895650795226416
66069345,670.07,508.1992621009992,743.89,35.71687064238479
67608299,1223.35,354.23348389319614,785.41,32.61811326749775
69183097,1240.68,172.56413710311136,795.54,28.029717274796933
70794579,803.24,508.9037360103113,755.28,38.50123440235456
72443597,1213.8,168.81948999455074,758.12,33.22232424564585
74131025,1004.66,429.7016164641683,756.87,36.917777875060715
75857759,1289.67,85.66319471799386,819.4,38.06082319953501
77624713,1163.19,240.55490122849397,755.44,218.7903992132168
79432823,1142.75,332.2551160196215,765.02,28.45516764414798
81283053,910.27,515.4168824624129,792.0,32.02839649152268
83176377,1005.22,490.9633198255665,816.21,36.47229334464975
85113805,907.88,520.6529172126285,790.93,31.587382406155907
87096359,1097.33,389.67966784957304,766.74,32.007454939703834
89125095,763.44,567.9672653819536,817.24,27.824166518051243
91201085,1075.63,477.36917198708636,839.73,41.69874038259369
93325431,910.12,467.2184460866633,721.8,28.17191093370426
95499259,1266.07,209.22774093259616,819.64,29.036208673678708
97723723,1266.57,232.76368798514187,787.42,173.5009783688539
100000001,1201.41,243.53279890276417,804.72,35.46319190087068
102329299,1281.42,63.53050329160667,807.76,157.19171335498177
104712855,686.23,543.0261421056091,823.74,87.5124949231638
107151931,1227.07,94.93083659893524,1157.48,98.40346548878257
109647821,1256.21,60.27316521010362,1309.44,181.10035835961173
112201845,678.33,512.6466689365271,1028.7,227.49121417156428
114815363,1232.29,258.9961309722326,851.41,135.56608549100147
117489755,985.26,523.1315499813202,748.04,130.38024576157423
120226443,888.51,480.076182822197,779.67,135.34669698163452
123026877,1028.86,565.395794505446,910.85,152.56648658300693
125892541,1342.46,145.69224655784095,934.31,1312.8287655196161
128824955,933.59,599.0253716317749,1091.04,1921.5217607853726
131825675,1149.23,509.04171913329645,997.67,1882.6938418450343
134896289,1297.99,421.9325546898116,1015.84,1892.9111283412067
138038427,967.97,507.81561226552105,941.37,1340.9812753760173
141253755,738.69,570.2717533126313,856.94,121.95319685117815
144543977,1306.61,142.3519535758772,852.63,288.3643407744845
147910839,905.1,575.3462110992501,828.22,132.9042778495375
151356125,1045.02,503.94363922481597,802.72,122.39966660019296
154881663,966.15,592.8403190905575,890.65,134.74797837729403
158489319,950.57,563.4543397918796,798.11,132.12971090958496
162181011,972.27,575.3997969791409,986.16,1349.0384358550132
165958691,1276.32,137.27778223350452,783.4,116.4823652496008
169824365,1138.75,544.6857564066856,822.32,117.66652759885338
173780083,1331.73,184.84833286133843,845.71,118.92636674459833
177827941,1305.19,165.38926809197753,918.68,1278.441845815175
181970087,1131.38,450.54606105404264,884.05,1290.7004939766284
186208715,919.9,563.6338180131503,1039.16,1944.6049673884716
190546073,1301.08,149.06270662057128,1023.03,1875.164614753662
194984461,1127.17,494.42375508864825,1058.02,1876.7641881114896
199526231,1350.37,343.3441497266483,1063.22,1904.717548879648
204173795,964.18,568.7435448407127,982.24,1431.7096449611377
208929613,1296.0,146.26045676163199,791.91,116.07600218317432
213796209,923.14,566.9095026919414,918.56,1362.417817519629
218776163,1294.97,254.96517706375417,1012.77,2087.1297813848164
223872115,1053.44,480.84362564479574,999.41,1860.794221087416
229086765,863.95,604.6099063767388,1030.99,1662.4046323068137
234422883,813.33,573.4632878617886,959.97,1414.4958373351203
239883293,1222.38,414.4814157961778,953.35,1376.7300548543988
245470893,948.12,528.020723499035,977.5,1349.1634482526608
251188643,1502.3,276.5363877274991,1004.18,1371.991955832355
257039579,1895.45,132.48498104321183,895.67,1002.929406813114
263026799,1842.23,457.5804583443068,1056.69,1398.067719165899
269153481,1299.53,792.6436199086058,975.92,1442.1978995318711
275422871,1851.84,277.4281131749232,965.99,1015.29508568204
281838293,1182.43,344.0832133027819,828.46,121.51222410136606
288403151,1323.45,182.06094966779503,868.69,116.93965421221635
295120923,922.3,537.34400132278,831.34,106.18634468696908
301995173,1227.11,74.11714655962824,753.36,112.52326538332078
309029543,1410.74,160.60332084569944,882.69,120.46582104648617
316227767,1370.71,400.0566953507333,846.77,118.05073853511831
323593657,1218.57,375.7715901712076,873.6,120.23529121071425
331131121,1349.31,142.1745757862495,901.72,128.32582268458978
338844157,1326.4,274.5235358164609,878.02,114.05987971945329
346736851,1326.63,79.33901876750114,837.17,112.56441971537271
354813389,1135.16,411.4253057630537,828.29,116.06287872606735
363078055,1034.12,484.2952242614253,831.42,117.27832560437439
371535229,1447.7,469.57714698406784,882.07,115.91395755281388
380189397,935.28,668.7976559815868,884.66,117.35366731518546
389045145,849.36,583.8379725418845,874.63,119.38941081243931
398107171,1043.15,518.1895323278361,860.14,120.98944106195735
407380279,1266.63,133.48065005608092,815.47,235.02372349629005
416869383,870.43,566.5494398353756,845.5,132.40826822728818
426579519,963.71,564.6223426308774,890.46,114.31768777128816
436515833,1291.12,291.584708138479,874.89,115.21967556091985
446683593,1029.3,743.3591855811558,927.29,118.45872954772307
457088191,1242.42,444.9619250536779,940.79,122.10810701169603
467735141,1263.92,327.41709352340354,849.23,118.78193711949051
478630093,1333.68,143.41955687049548,853.91,120.73412604528676
489778819,1356.17,81.12143970491388,861.66,114.37879827550861
501187235,1037.97,553.741186946765,915.76,234.16316162587628
512861385,911.1,559.3478074480759,871.32,135.2444012919133
524807461,1386.12,335.62925312844163,916.19,118.71761716890478
537031797,891.72,540.7511812284832,845.29,140.58458721216974
549540875,965.97,501.2422034961308,816.15,132.14771158354463
562341325,911.89,573.8391865498573,866.56,135.61713189950027
575439937,1274.46,142.7550292768643,865.95,173.2888273281568
588843655,1125.42,432.95368404166805,841.11,117.97465016183806
602559587,1203.63,451.0536185063553,880.23,106.4313555036458
616595003,1383.36,85.0728172945051,881.66,116.24931584462522
630957345,846.08,591.2743928809767,895.51,129.25165297968067
645654229,1161.66,529.7434145438009,955.87,122.7213032966498
660693449,1466.68,352.92674948925395,876.57,122.8829002413158
676082975,1156.66,453.18937598431233,866.17,118.44497976834322
691830971,1244.91,368.9833451389086,860.52,109.77548069407923
707945785,1158.26,458.2756794592512,877.58,118.42708023646165
724435961,1424.03,90.279527193617,916.5,123.72284928154312
741310241,1349.79,570.4574505861879,957.42,129.46027665783524
758577575,1110.14,607.0656699870019,968.85,121.91505363584233
776247117,931.06,587.3154267555473,905.53,129.3368833470924
794328235,1261.37,482.6866238758714,941.24,121.47586699680828
812830517,1422.93,114.84950671169291,915.76,123.41447944780928
831763771,1432.94,73.7694771404526,932.29,125.6234790349658
851138039,1466.81,83.49846608401762,973.39,122.84176361844082
870963591,1014.99,691.7346880754706,943.45,119.1318236834365
891250939,1447.67,145.73395263113858,957.01,123.20529758713853
912010839,979.36,593.7983965602938,932.15,124.31276741113179
933254301,924.59,585.5367923986719,927.27,338.8183224924025
954992587,1413.16,79.86120788751273,911.2,123.92642000702496
977237221,1405.62,288.1166914269076,960.53,121.23359662030555
1000000001,1071.4,538.033700270032,932.44,129.7502122378133
input,solovay mean,solovay stddev,miller mean, miller stddev,AKS mean, AKS stddev
10001,37182.24,279148.380937853,8707.94,51527.89110210807
10233,5492.95,3378.8014382456563,2358.33,235.52027320574572
10471,7224.79,3678.124476214102,2178.63,171.57639020788284
10715,6100.6,3015.299810880329,2234.48,237.50583108205956
10965,5199.28,3881.4175195683506,2248.25,433.8547300280092
11221,6195.92,2368.5281099612835,2258.02,346.63618688851
11483,15280.85,53738.71161601279,1857.18,479.7165699397379
11749,10670.85,5674.400345437661,2352.74,905.1405228253824
12023,12336.01,5049.83773615699,2303.89,371.2224113477912
12303,9579.86,6034.088648552148,3129.36,3800.949462777144
12589,15303.68,10873.217811362621,3860.75,5621.900008408675
12883,11343.19,4852.123293825585,2257.47,690.2486809224278
13183,12971.59,4050.1344686368634,1906.14,531.4357344006703
13491,10322.42,10585.075156286912,2241.67,285.5502239607604
13805,2016.8,1132.8263482782945,2263.77,273.1047771331166
14125,2114.71,970.1716738117369,2247.68,232.62241829830052
14455,2009.21,1556.625210628312,2378.66,1155.9337842347863
14791,2114.16,420.9493532241117,2506.45,818.2419855823199
15137,2219.42,230.60706797056284,2998.04,919.7964083030945
15489,2237.07,1800.7739147433815,3285.57,748.1439154887438
15849,2620.24,2328.6661249771637,2072.01,257.7784459021297
16219,2364.37,1208.9821886298585,1945.14,191.76521945842885
16597,2118.34,1179.054545220899,1926.33,251.73258438351604
16983,1948.36,1638.5526165404995,1936.35,409.6034143787221
17379,1950.43,1197.0318110504277,1937.87,195.67978661294813
17783,2366.31,1011.551610401096,1583.58,288.3485257864731
18197,2361.02,1087.970262702641,1930.16,269.5773991665736
18621,1961.52,1210.064790652037,1952.6,223.3017164413578
19055,2088.27,1133.8426739155302,1962.27,369.23712933123034
19499,2253.38,1088.69130759473,2975.86,3768.7133217338446
19953,2306.37,2128.581804413636,3198.68,1361.7470202173042
20417,2216.04,480.1718530743432,2510.36,571.1891639466746
20893,2623.35,2163.3298051752527,2362.6,1822.3055105380583
21381,2361.74,1145.9254089286453,1949.03,416.03495033349054
21879,2244.4,1408.8366574137428,1964.86,211.08163100917844
22387,3155.85,1394.7340890983232,2013.43,433.9331106811909
22909,2577.74,1104.2336034141915,2069.35,463.3401214894069
23443,2090.7,1184.8234621088652,1962.19,317.2281050065719
23989,2497.84,1807.8951694825628,2004.69,336.1280929176924
24547,2493.76,1002.4207378928153,1633.86,397.30608051747913
25119,1985.29,1229.5805418881266,1990.32,470.9386474870903
25705,2089.99,1168.7073278117186,2233.22,949.8711723388618
26303,2344.24,1060.5615828942284,2057.28,341.0359760636655
26915,2108.15,1554.172795503393,2001.57,644.9948281837911
27543,1975.27,564.3222063912273,1974.3,287.93505510721684
28185,2037.5,1753.2328494077517,2101.18,365.8266791691377
28841,2395.03,234.47316639132873,1990.5,345.12227375002016
29513,2346.69,1120.8217556684908,1990.98,312.8686748090445
30201,1992.24,1183.5071585518338,2093.6,604.8471382143267
30903,2020.77,1159.5866544557678,1930.74,529.4624417007471
31623,1994.73,1170.8517046331804,2695.57,476.5902514506333
32359,2413.98,1079.4313315797165,2399.52,304.16039362564146
33113,2552.78,1708.9310651558021,3677.44,1589.2942612646943
33885,1883.94,1551.283117130767,1889.91,1828.017406449629
34675,2032.21,1217.869022290388,1895.66,315.74101457179785
35481,2046.76,1141.6845530118458,2140.56,137.227402511306
36309,1727.78,1224.7979720440562,1889.52,504.8924373897211
37155,1774.89,1193.7826891817035,1554.17,2092.3285325158195
38019,1948.76,1140.7206487058252,1036.77,185.40928545062982
38905,2384.93,1994.3439935847273,1335.13,207.2225493267925
39811,2232.73,255.17499857742712,1629.96,135.89939237717306
40739,2419.15,984.1792086030188,1424.92,443.7973120033673
41687,2463.54,1352.7401328676203,1043.28,304.27931347047013
42659,2302.44,1017.4370386794299,1098.36,316.5605729771735
43653,2507.3,1757.9554555899263,1195.75,331.9475550338175
44669,2374.27,1060.6942728727497,1254.09,298.8192959234085
45709,2320.89,1019.1636885905099,1211.68,293.13608657503306
46775,2364.24,1542.881982040444,1163.44,380.45324697170497
47863,2304.92,1076.5827782311208,1213.17,759.2040230306072
48979,2438.24,1460.0758809670879,1116.32,143.73909304252228
50119,2543.52,345.05404290524194,882.15,134.28624447256487
51287,2663.61,390.2916779004951,863.77,152.24069559069744
52481,2239.7,970.478164971716,1829.93,861.4122448958834
53703,2095.99,1525.644606238771,1090.55,187.18598621249268
54955,2107.52,1136.153394110802,1099.5,150.04386563989084
56235,1925.11,1555.8108405639039,1145.04,319.5163617947373
57545,2105.01,1102.0719558443475,1296.91,226.66154606515516
58885,2211.09,1065.4411719133448,1159.13,196.24179349759189
60257,2378.78,1006.5641487031742,2443.89,642.6655176495451
61661,2477.8,1437.609835944384,1215.79,174.66038012050237
63097,2422.85,1063.361397701276,1988.57,659.2897656194166
64565,2103.75,1120.6192676057703,1210.38,172.07737160411833
66069,1896.1,578.6078991943518,1187.72,227.84994530558393
67609,2264.42,1123.3432440890024,1247.79,179.17607699036319
69183,1875.1,638.9371777974085,1114.52,198.99852697287417
70795,2271.2,1512.1796697268983,1084.63,163.68876941416374
72445,2276.53,995.3401779281189,1257.86,181.08221359594677
74131,2613.26,1743.7819147074003,878.51,170.50711617603136
75859,2360.98,451.4792964815942,1109.58,334.46076546639017
77625,1940.26,721.9304454591232,1328.51,225.72475842418484
79433,2571.0,1003.2739537447518,1909.6,774.0494855373303
81283,2514.85,1641.236884982258,910.02,159.3318739631404
83177,2391.29,1047.30559821888,1839.5,749.8663382580427
85115,2410.5,1204.991927547461,1604.6,217.7696865122333
87097,2365.0,1006.5322808152913,2274.87,1706.2953825244456
89125,2174.81,1591.1078453884159,2103.0,1595.1041003361163
91201,2245.44,969.4867674822758,2660.06,1627.6864402822764
93325,2200.08,1583.8106883607197,1906.5,1051.1081454033801
95499,2750.28,5532.275161835556,1755.95,74.50949027750853
97725,2613.09,2922.326985814593,2213.98,2062.2470924462546
100001,2676.2,598.388627477954,2454.28,264.43719844074866
102329,2765.92,3502.644071053302,3439.91,2186.837378291059
104713,2058.79,1459.2850559936753,2175.22,1009.6068899939384
107153,2269.1,1165.878482674604,2393.75,1072.5576566169657
109649,1961.26,665.2521754716004,2400.79,1052.7846508717305
112203,1455.95,714.4358991822878,1833.45,1006.7212144061305
114815,1908.31,617.0819027053578,2173.88,2615.318623152074
117491,2059.63,462.2794785220584,1774.9,97.18466229739438
120227,2129.09,464.33315049268737,2690.69,9793.795953855564
123027,1643.72,694.6784312387155,1646.8,112.17770894361492
125893,2215.62,458.79138059589894,1898.6,196.11926900936496
128825,1871.56,599.83033493403,2118.52,253.96032776953197
131827,2146.49,447.6278553315095,1931.38,1819.5736029536304
134897,1984.3,636.6640250619482,2339.42,140.7848978930179
138039,1602.51,726.7410233711216,1788.0,74.856090890684
141255,1408.2,706.5308045497931,1819.7,291.2801941690364
144545,2043.46,1822.6091821087348,2419.48,118.2634005903429
147911,2102.87,221.55099077898865,1750.81,94.78105498378032
151357,2161.48,228.67481565124586,2583.09,1510.9511827543165
154883,2118.84,219.31144405832882,1437.46,56.83689582720653
158489,2164.75,391.58980225782597,3063.54,1055.633884153847
162181,2140.73,219.05415847099172,2092.64,1470.2854839943316
165959,2186.21,985.4962888070792,1846.04,1115.8845648274746
169825,2330.88,713.1543287155008,2479.5,275.8520867011409
173781,2259.69,961.057505663381,2134.84,1113.4100565108051
177829,2927.37,352.43847962331233,2031.62,1022.1072684815568
181971,2292.17,944.5691129779331,1799.2,130.8050442297987
186209,3015.75,1921.9738558381207,2621.27,1001.043322960822
190547,2582.19,1722.3561832911364,1918.67,984.5884137777846
194985,1971.69,1019.6106574709206,2211.92,1011.9014372891653
199527,2253.12,1005.0601296650984,1794.07,145.17841722612502
204175,2556.61,813.846123680824,1812.12,234.03061528118258
208931,2919.38,446.28572131595814,1640.51,1771.1542518192407
213797,2844.42,443.9827819939313,1943.72,446.61709539491443
218777,2829.35,517.594755390818,2177.7,989.8544072108523
223873,2804.37,1706.846827937529,2997.14,1416.758300209363
229087,3008.48,133.770003129901,2080.75,1399.3574021274512
234423,2026.01,1028.5689037677446,1948.46,249.4594730349374
239883,2256.64,1031.617661929089,1853.29,141.97931952124992
245471,2988.53,134.84142988014185,1669.12,79.1755854625233
251189,2912.11,161.59319761410606,2021.12,182.3665018859029
257041,2709.88,1831.7722901136708,2429.97,1019.2059937406017
263027,1137.81,152.09577624482264,1827.01,105.0754894580486
269153,1191.31,108.84199417949719,2532.91,355.46921885805466
275423,1279.13,103.41957837817358,1488.11,107.040244956764
281839,1407.97,1349.3844646483608,1493.36,413.777120506373
288403,1215.78,88.83221956206674,1460.01,95.1054167912128
295121,1149.66,143.84196013315963,2482.5,946.126750643289
301995,844.67,536.7920624253196,1750.54,439.3023491166352
309031,1286.41,90.89977775528165,1456.69,1384.2600086747293
316229,1245.33,88.56054882441056,2239.53,1623.6904308557484
323595,654.13,527.5777247539605,1901.13,1118.9016498876083
331131,746.76,423.9659582294004,1919.71,965.2527621553256
338845,803.85,556.1863900753511,2054.98,1101.7694765212639
346737,700.25,922.5726806111815,2344.05,1164.8075956347834
354813,745.62,964.0187221032878,1993.47,310.5818083806097
363079,962.56,838.9299861228959,1759.65,231.67817172216553
371535,543.53,451.9746675434478,1831.42,226.13878727699756
380189,953.83,214.60464260183807,2775.23,3087.1225851359663
389045,790.67,430.7909581176926,2091.23,1339.6724750867472
398107,879.45,256.6341331211192,1742.55,292.1370363028249
407381,900.47,262.4125618682586,2179.51,1345.0911537959807
416869,954.52,407.24324451366925,2057.22,1288.6598596756999
426581,815.63,314.6961547238539,2037.36,1224.6191947381901
436517,880.74,236.1727505043885,2021.64,1173.5575760236152
446685,556.16,420.8652875957227,1982.19,520.7553118773584
457089,652.08,428.9693233834332,2809.02,90.35317684318889
467735,848.33,371.8620373854865,1754.1,87.68268087400453
478631,1241.03,136.68140755683334,1462.98,82.99884141822511
489779,1309.48,108.04866842064621,1722.18,100.46250418675987
501187,1400.17,443.96157480010584,1538.23,992.0083175665476
512861,1399.59,284.9093102208228,1693.9,158.07864683713152
524807,1225.54,337.45184228062203,1456.57,947.4783785811625
537033,858.11,711.5054447288426,1709.47,1343.5093760504071
549541,1320.89,294.37195240653676,2265.67,6456.326731958195
562341,906.95,619.4003678208187,1612.92,72.7281752469253
575441,1410.59,316.9646156525325,2948.56,2598.6814501188705
588845,766.15,394.6487090253225,1668.08,84.32808463724204
602561,1351.78,98.43498392647841,1703.49,86.13478925029027
616595,913.75,572.2000316870196,1553.81,1251.8188278168557
630957,1062.29,535.0058867796586,1599.14,1289.9806358267863
645655,1130.21,539.0906540020177,1620.76,75.22278292317475
660693,977.68,553.7457915110159,1616.95,87.98546424945378
676083,990.22,675.78296647502,1608.92,78.50119731442304
691831,1229.08,382.98259791148513,1621.53,1295.4436271062132
707947,1301.26,279.4775652802019,1617.9,1301.980616312135
724437,899.8,595.767190649624,1599.01,115.698012956231
741311,1461.73,248.0600633929312,1679.6,1271.1473462024676
758579,1411.45,88.34441039751667,1593.61,1326.1023232074372
776247,1161.29,706.5498230303666,1661.64,1305.3120801810835
794329,1422.1,93.99511055411772,1682.67,1325.464302526752
812831,1410.49,197.09211787713107,1684.15,57.84363719231672
831765,842.94,589.5509302799372,1707.22,937.1827929890454
851139,964.5,619.5677460287874,1777.19,980.0000999278448
870965,1143.54,513.690261979459,1598.25,972.3974264931521
891251,1445.48,88.29123982764672,1475.42,949.7480599473408
912011,1424.82,377.78956731455304,1620.02,959.3133906154658
933255,820.44,629.0418450534772,1632.95,948.4491155288589
954993,888.52,605.1681038681681,1669.21,975.5783293342812
977237,1442.37,98.64666617516656,1748.55,1385.5382746810214
1000001,1373.02,190.23398564118165,1711.58,78.3339368126335
1023293,1434.21,266.93498981564557,1613.57,968.0479395320895
1047129,1196.8,796.6783186671668,1696.47,957.4925107706159
1071519,1005.97,675.2800011099025,1676.46,1220.4771911598407
1096479,925.57,672.2479739536956,1720.99,66.75123348461189
1122019,1481.83,180.77074353216486,1696.65,56.66619875029627
1148155,1170.57,596.2564063565374,1757.31,934.5233614149531
1174899,968.66,696.7654594298898,1755.57,284.45763580128516
1202265,812.35,642.4433846847928,1798.22,940.8785876868898
1230269,1460.98,447.59521260111165,1682.62,957.0098505978998
1258925,1185.01,570.4680604379163,1741.95,43.04504922318318
1288251,933.08,672.7072348640112,1705.5,73.28793360520689
1318257,990.68,1282.0267640881702,1697.97,1046.332290296525
1348963,1206.75,1431.2647890815474,1630.36,943.2174949757256
1380385,1079.23,430.7154924710109,1668.98,91.6639646984704
1412539,1471.25,514.3862160798336,1553.04,1256.349850908889
1445441,1255.57,331.56513612705066,1763.9,113.14311130759856
1479109,1396.79,248.59395699522838,2363.91,1472.9270116734133
1513561,1085.96,581.8961676270002,1674.66,963.2648420655638
1548817,1317.43,324.1665071277943,1682.93,957.3382001121334
1584893,1379.4,391.6540165590912,1704.05,957.1302474616825
1621811,1463.64,485.0310938694569,1708.55,995.491923217823
1659587,1351.02,96.06500114216647,2115.85,6822.219170593699
1698245,1208.57,524.4098415544773,1725.39,1291.1293067573358
1737801,909.65,604.6825091473103,1636.03,955.8606091587903
1778279,1478.5,84.02891517720902,1501.74,948.6338355442492
1819701,942.39,632.4990501050879,1771.78,952.0154970727455
1862087,1533.18,408.09184894055056,1521.75,955.4980231388353
1905461,1481.17,120.16495858912972,1630.69,964.2685372966404
1949845,1209.37,482.15858607019754,1588.23,935.3421116134864
1995263,1557.11,116.29359354233534,1523.74,965.2425834206057
2041739,1415.49,379.50287777884404,1656.25,991.3037775036113
2089297,1125.57,594.9307786744113,1912.69,2463.2345069567837
2137963,1630.44,508.9916218476599,1497.69,960.0447768913509
2187763,1495.72,173.21657372821292,1642.99,962.7254189135248
2238721,1435.77,98.42218430636645,2729.87,1092.158151264613
2290869,884.39,734.9579785280381,1697.21,956.3222196403145
2344229,1373.86,391.8611385672122,1660.3,966.1085902116849
2398833,983.13,669.6128031643481,1666.56,970.1229362895984
2454709,1564.83,360.189121339489,1757.58,110.886526765797
2511887,1270.68,530.6211127089888,1418.23,1296.5160452754012
2570397,1052.51,679.1749078510966,769.81,957.0934080946237
2630269,1502.31,103.35724992041494,614.24,132.2537444811788
2691535,980.92,651.1919867722296,736.15,980.1551142445763
2754229,1469.37,104.11567527699103,789.96,1360.2997955367684
2818383,1111.43,641.3180439020435,790.37,1402.3421797086116
2884033,1405.73,342.67633092727283,676.65,975.3565043644603
2951209,1452.21,192.96832288322256,1048.88,1981.161200565533
3019953,1212.56,613.7541099453,651.29,118.58486242332795
3090295,1270.03,666.3468999028216,745.24,373.84851142534933
3162279,1026.77,622.8397795662229,603.72,112.63439379988101
3235937,1523.83,351.07954881473745,715.96,960.6205687844277
3311311,1526.18,289.5914705200756,805.54,1377.5393038811533
3388443,1069.45,696.3716698181026,755.39,969.470259336187
3467369,1551.47,161.28451897378756,652.87,104.61412066458458
3548135,1298.58,595.7369458803682,769.34,1006.149457942095
3630781,1267.03,761.2754642205688,849.63,1366.771397723981
3715353,1153.25,636.4983336882186,696.8,978.9473629332374
3801895,1266.26,543.4885745874246,825.46,1375.1461734607847
3890451,1202.79,645.0773862432509,781.24,1009.3700717864494
3981073,1572.2,99.72436760867174,716.18,131.70516353207304
4073803,1520.09,212.44336595284338,660.49,112.93070146480682
4168695,960.54,759.369773515705,757.84,110.63058192274714
4265795,1166.54,623.0573107870997,632.69,101.96976131296098
4365159,1156.97,678.0368193423114,686.61,110.63616730143671
4466837,1519.06,100.54596617036067,784.23,210.82583433783074
4570883,1570.42,116.32479607468986,674.23,99.41869984458597
4677351,982.17,734.8613014877315,733.3,110.76342064750143
4786301,1401.79,416.7953569750503,658.98,104.65267036316567
4897789,1559.38,363.2676832543321,755.17,133.1526848198994
5011873,1483.71,212.07818717338066,724.04,274.7124454347995
5128615,1224.35,546.3239386660591,671.71,109.68847485105957
5248075,1051.96,570.0372647751401,616.82,98.75624312191887
5370319,1550.21,103.08594972304923,706.7,101.23385268423273
5495409,1097.99,698.3153537137239,717.98,111.12037153329254
5623413,1047.26,677.7471835784231,713.31,111.212390760139
5754399,938.79,699.0858864736625,724.51,104.56533359531252
5888437,1455.25,444.7403367940862,712.03,108.70434882995923
6025597,1675.23,114.940200086652,868.19,223.0262336791143
6165951,1072.74,733.3215511450194,724.08,105.8076852720362
6309573,1079.0,818.0321546617872,636.85,112.10117859516129
6456543,788.2,484.9903258433265,714.06,380.4005284173538
6606935,1207.94,616.1344766634418,670.17,117.9281629474555
6760831,1390.12,594.3350461403963,727.08,107.86735962619682
6918311,1494.23,214.52092996707665,664.06,106.14539485293204
7079459,1551.09,100.26632162658237,630.88,101.61755197153133
7244361,1227.05,780.3108856621368,677.17,116.13019991945825
7413103,1663.2,102.16040071743785,704.5,102.1634163307181
7585777,1647.26,1300.323095980147,778.75,108.37443276330298
7762471,1134.15,157.07711385485064,696.83,108.0916235927146
7943283,754.36,491.4075746714172,697.38,110.71218304571303
8128305,740.0,477.95236650367644,685.47,112.44432561777572
8317639,1335.93,728.2894065527589,759.07,239.8944740648869
8511381,902.11,624.2658701760548,725.26,112.26183499283987
8709637,1058.82,141.23963303334492,666.2,115.01857557487281
8912509,1242.74,180.4171720197276,945.73,228.24990092599663
9120109,1035.59,970.4191648223697,704.48,116.45023040602432
9332543,1146.27,1520.420435307619,746.08,109.55748272118173
9549927,996.62,1402.732792974075,696.9,105.55849544018692
9772373,1158.5,1426.8860387840257,703.66,111.31021534613993
10000001,987.01,1043.9479020148524,695.52,114.01607896532073
10232931,981.17,1442.2514109628196,663.76,107.65124385268525
10471285,1057.85,1511.1387262591086,765.27,107.5747196279419
10715193,807.39,1094.552257474916,670.03,119.12555595172721
10964783,1252.02,1405.4823104004142,746.76,107.35414065210306
11220185,1058.89,1443.3323458251223,730.91,115.7259122568354
11481537,983.39,1460.1825739933824,736.3,122.78884725454914
11748977,1224.17,1413.7928502200502,993.64,181.07632856802894
12022645,881.75,520.986290267282,765.99,105.01173527494223
12302689,1194.21,1446.8861535425415,758.92,117.35491192760257
12589255,959.64,1447.4108651399754,655.36,107.26579090739925
12882497,1175.92,1393.6240285418776,671.03,115.35115075194514
13182567,903.06,538.1824409974557,696.42,103.91120723915677
13489629,857.65,518.7000140210667,789.37,241.47692258560483
13803843,782.33,480.1485261580183,697.7,299.22477278204195
14125375,898.28,469.88836155328676,746.36,108.90998229007401
14454399,833.4,636.0795325406812,759.2,103.74268867995212
14791085,1142.48,458.6211543663497,720.27,106.75156233332633
15135613,1301.95,294.72919859601717,787.91,117.82087885833093
15488167,1134.89,132.2956510733792,717.54,107.74028067908527
15848933,1159.03,184.13935516671097,755.2,115.46139325910342
16218101,1225.23,122.11295110791005,999.22,237.24685945915562
16595869,1214.22,147.91750225969693,788.1,109.8228601251152
16982437,1136.67,337.39947414232154,845.9,313.64022688295574
17378009,1040.44,322.0539612229509,723.64,115.13141547068219
17782795,892.74,449.87281300250635,705.37,113.33784794929602
18197009,1112.9,142.90291258138308,983.15,172.31445151820608
18620871,906.81,598.433454862769,706.75,109.7439973278491
19054607,1307.81,531.2610439969101,673.74,116.32796028227405
19498447,1625.37,82.3036573926215,734.63,106.7044114090013
19952623,1620.84,408.7059331573006,766.14,105.3022604724422
20417379,1042.45,718.6006797023554,750.51,109.85706921525643
20892961,1630.92,170.7656957011063,768.52,116.61812669884333
21379621,1162.12,189.3685029221858,732.81,235.8438832633301
21877617,863.2,490.201216158459,774.62,115.7442129364696
22387211,887.32,471.8525039189104,719.61,111.60110196407548
22908677,1103.51,295.26370664991396,745.43,120.0802976294941
23442289,1153.98,436.0380388373603,772.74,114.66143575101809
23988329,1143.88,146.28319566284205,939.93,225.09168749151485
24547089,794.04,513.9128157793131,761.84,117.72864879660665
25118865,791.01,513.2454961253234,759.25,111.83748806806123
25703959,1134.39,211.79382460641796,707.18,107.3830470226972
26302681,1044.22,356.47263427912526,737.78,117.20099113587874
26915349,860.87,480.59560385468,728.03,119.00211822238347
27542287,1154.24,139.0530107476275,707.95,109.24759896120314
28183829,1179.02,275.36348723280304,862.9,213.38339848140652
28840315,1044.46,566.5072756225937,737.54,109.73406053001075
29512093,1065.82,322.30528159720654,725.95,113.35546798109083
30199517,1213.42,138.4605971736976,937.47,228.22921558925103
30902955,739.12,555.6862947579489,772.48,109.3079682328416
31622777,1195.56,146.17647560466773,995.71,202.6069137891191
32359367,1157.04,323.8425830335759,784.42,113.04769530663334
33113113,1061.82,346.91952840957117,737.25,116.87888706872702
33884417,938.49,395.0575586499576,725.82,258.8688049607719
34673685,639.3,503.96287140778117,1077.8,93.45003526435447
35481339,911.97,596.5694766789954,1242.63,74.09653204169587
36307805,1005.58,428.8588140918203,973.33,228.15106881630032
37153523,1216.2,288.58862406441807,816.54,112.11343642161101
38018941,1228.67,150.15857308428002,786.27,124.43251832283075
38904515,884.6,468.3917034692097,734.77,118.03430891401061
39810717,913.35,536.0885720389003,835.81,111.66921706721172
40738029,926.76,515.9022129564221,819.95,115.32688500102823
41686939,1091.94,408.304447215753,827.77,327.1631309338266
42657953,1097.95,318.93697724557666,763.86,123.26181546413778
43651583,1241.57,146.60792590918797,794.03,115.01571741516568
44668359,806.42,547.4541478885735,772.38,115.19581747457825
45708819,782.3,545.7809435880282,774.76,112.5651434288231
46773515,998.06,454.81251148804233,764.82,116.03955960765879
47863009,1207.31,151.3773594349398,797.95,124.94567506389208
48977883,992.24,610.1308871004152,843.62,115.29862676256516
50118723,837.62,532.3044769317804,743.06,112.99082111643256
51286139,1213.62,136.0371889141964,763.03,118.45993696886158
52480747,1173.21,323.3352169579623,785.64,265.59373243183035
53703181,1118.49,366.4830255002242,772.45,122.60245148899392
54954087,858.32,501.83338375451365,742.9,113.76988115747446
56234133,945.66,458.55491547365466,758.2,132.01071275782235
57543995,919.16,527.8377413676682,798.76,111.51700690156112
58884367,1191.83,279.3693856462508,713.5,115.03969451077013
60255959,1300.4,148.70138200467747,835.43,104.08235424242892
61659501,883.55,565.1155307822578,814.53,119.81352978354289
63095735,917.36,526.4545702579234,794.07,114.32748063472239
64565423,1169.88,310.5662238459607,795.98,115.1632113677161
66069345,749.25,537.957216859963,810.18,385.1715183990875
67608299,1168.28,342.06907802579025,819.9,121.96261225424293
69183097,1277.95,183.6045033117752,827.24,113.83987691383709
70794579,890.05,584.8970620821437,782.72,117.23248765430237
72443597,1370.45,319.5201065423716,797.15,120.40935020238926
74131025,1093.98,349.8585855727852,790.14,128.7629581593223
75857759,1330.14,171.7254103668312,855.96,122.79990458325511
77624713,1198.28,204.18154330463523,766.62,115.33200034262073
79432823,1393.09,440.2337555151235,794.25,118.7220993273235
81283053,1206.42,801.2216830906073,833.16,126.03540628078935
83176377,1233.8,778.7156091924702,882.99,312.84218421150024
85113805,1305.9,722.9480540736581,830.2,121.00980843457997
87096359,1246.23,451.1074107799672,803.86,122.43390465921199
89125095,787.88,573.4620588402453,846.15,108.74512644368262
91201085,1078.35,523.9615487280099,867.73,120.57621379581185
93325431,884.95,511.2798039027044,803.24,156.7491800761505
95499259,1300.83,181.1679311934905,1106.3,161.06736779899575
97723723,1287.02,353.410053991997,815.96,117.50984656786872
100000001,1188.75,315.9302881486626,845.45,137.40924461276433
102329299,1299.94,145.78868199548205,856.93,317.31911271294285
104712855,760.46,613.8846241087747,839.46,127.80243749750255
107151931,1239.82,159.04077235956584,777.82,131.54561984729898
109647821,1271.7,148.64244265207623,836.96,173.07550287943613
112201845,689.93,544.1964005055825,759.67,113.90799539163794
114815363,1268.97,387.1573807571637,831.17,106.85712683558154
117489755,1036.79,423.51261522241015,744.96,120.53516356883432
120226443,938.79,501.2300686482922,776.54,125.95633522708724
123026877,922.48,581.2642695978406,874.84,118.79510584075923
125892541,1327.95,158.59416315192246,866.74,143.61773194592973
128824955,981.17,575.5549988199796,880.45,116.9074895424203
131825675,1056.89,452.3876029836952,785.58,114.23599354941607
134896289,1101.33,385.7651469299147,788.28,137.4975540645628
138038427,996.98,600.7208629234674,821.61,136.6540197400395
141253755,837.36,592.6861386854757,852.82,117.63806674488809
144543977,1289.45,158.91611248731462,827.47,130.06784981522355
147910839,806.19,576.5867293518353,824.52,122.22181193686875
151356125,1034.9,486.7655877049419,796.62,125.74760515421428
154881663,1048.21,568.9173005353982,887.21,127.87551514554063
158489319,953.9,577.3700124817115,877.74,294.60593848376345
162181011,976.27,554.6829808024754,855.35,129.50148199300205
165958691,1293.79,259.6726492094898,793.57,120.5032591034178
169824365,1182.9,396.8419144325675,825.05,121.61459034942548
173780083,1299.3,245.08928490604723,851.17,117.45371364279995
177827941,1288.86,156.67537177620522,807.33,118.38100234907512
181970087,1211.07,357.5618122730105,818.29,113.93000642340172
186208715,859.26,588.0940902524859,823.63,128.39079036482727
190546073,1292.57,154.45788252707422,818.62,116.80976332516386
194984461,1216.2,518.6707758659376,857.89,123.76761337770117
199526231,1336.21,193.62737801032046,869.07,133.42756177950736
204173795,1037.8,535.1070316801446,848.95,121.97941331522813
208929613,1291.31,171.87108717309204,795.98,117.09557350016834
213796209,886.2,591.1623544280617,868.13,131.66138501105908
218776163,1266.88,168.8155577109305,778.86,111.49489456989284
223872115,1074.86,458.5651098808107,794.24,120.74492021437494
229086765,826.89,608.7641213594518,869.29,119.70032404199077
234422883,931.87,582.272900283055,824.73,119.04271833202898
239883293,1142.04,425.8906513046358,822.39,115.76307177972943
245470893,875.34,592.6094020806146,884.43,328.84666086739645
251188643,1352.44,193.72714958117896,880.64,122.27667914457884
257039579,1341.11,165.38604334505777,860.07,115.71257101503312
263026799,1270.96,407.0931921203142,908.57,125.60787588701791
269153481,1208.43,706.0552565865759,827.29,122.82576104285928
275422871,1541.65,351.47790065161234,863.75,126.48219222283804
281838293,1217.12,375.0260133738334,818.8,123.53856797687828
288403151,1331.16,294.98620820354137,866.28,126.45940619084614
295120923,989.06,561.1466222986394,826.68,115.65272643268352
301995173,1241.6,156.54289114385472,749.25,122.68777609868232
309029543,1380.12,158.14354047490968,888.72,137.55454969361844
316227767,1361.36,336.9870818493394,842.92,117.93772367934982
323593657,1272.94,376.1647989373753,875.65,130.2058490672103
331131121,1304.36,303.30297950026363,898.94,130.56209637601953
338844157,1313.92,323.5232082287548,882.26,126.59939361879445
346736851,1338.36,157.21731212663326,843.92,122.46505830256442
354813389,1201.45,402.02805005410136,835.65,120.77697745360368
363078055,1070.31,510.9868190001765,830.72,110.79073731475691
371535229,1315.57,429.80247412931055,885.49,123.98619139470995
380189397,907.95,614.9040390766086,904.48,238.25847436358
389045145,794.38,617.0841630137857,884.48,141.0245683875292
398107171,1049.95,546.1452867529154,849.91,93.3043347808069
407380279,1327.21,213.28902451790142,808.74,124.51381165529105
416869383,920.83,598.8792403694208,848.16,131.4698352313471
426579519,963.83,601.2043141676028,893.38,117.92291438636391
436515833,1342.13,252.83881778274832,883.86,122.97335015557174
446683593,1024.84,602.9814262512903,931.0,130.67694764748924
457088191,1229.42,524.4882292542538,944.22,124.18823932997351
467735141,1325.15,248.09432773553175,856.21,131.47464286763326
478630093,1309.66,301.1137984150836,858.33,127.6175675028855
489778819,1378.65,159.0678893879699,865.9,120.75415378596988
501187235,1149.83,539.4959123987408,899.55,126.31909050599845
512861385,807.9,616.8498908800973,856.51,126.33597142844026
524807461,1384.02,500.44850550947456,916.97,126.4564807162982
537031797,884.12,590.6763505601956,828.43,117.30149834998491
549540875,1005.43,551.7283633906245,810.36,135.7461623990181
562341325,1046.03,563.5810546421118,868.2,120.63602490570753
575439937,1307.0,197.07394910069019,875.52,324.1500924328766
588843655,1113.18,505.51438709057106,842.12,130.0078692256976
602559587,1231.55,460.99587795874,887.95,121.26458050415415
616595003,1428.12,292.6479002749782,891.89,131.46447037012308
630957345,876.02,638.9941113527058,897.9,129.06497463203448
645654229,1305.68,474.06383834699193,959.78,116.7464298764159
660693449,1297.83,356.3967841855167,882.93,131.24364380953475
676082975,1135.53,523.5873433932644,867.38,115.27339307713271
691830971,1281.6,399.86161747698804,864.99,118.82407801094658
707945785,1160.89,503.9240341779921,903.14,253.57082249383907
724435961,1458.32,297.29823410171815,930.99,134.03078909057584
741310241,1170.12,552.1574632678837,958.66,133.0987497000523
758577575,1122.82,601.9155345287833,968.5,136.96143378131796
776247117,1048.88,640.9149123311805,897.07,132.11177200775978
794328235,1263.94,597.8704940677101,947.98,131.5195557145535
812830517,1449.97,181.75949560456053,922.7,133.41516428279823
831763771,1457.26,178.9151720449632,950.8,221.7327538759535
851138039,1500.31,168.17989977065832,998.97,276.8100561246235
870963591,1039.46,628.0471644773829,982.33,295.1913625176904
891250939,1450.19,235.90426473722795,970.92,135.96432092889873
912010839,1041.84,626.8397845985494,936.65,114.61462658082799
933254301,905.13,635.3327077964424,908.66,140.80692562168346
954992587,1427.23,162.9219218713756,892.95,92.0672102983533
977237221,1451.56,401.5325771404488,938.62,39.67946826786119
1000000001,1076.66,567.4185959503822,1324.04,118.20423346090786
